
INSERT INTO [ISInternship.UserLogin] VALUES('S0000001','CqZnogmI','Student');
INSERT INTO [ISInternship.UserLogin] VALUES('S0000002','UhufQUOM','Student');
INSERT INTO [ISInternship.UserLogin] VALUES('S0000003','jKXHEvll','Student');
INSERT INTO [ISInternship.UserLogin] VALUES('S0000004','XIUeqCum','Student');
INSERT INTO [ISInternship.UserLogin] VALUES('S0000005','mAJDanrb','Student');
INSERT INTO [ISInternship.UserLogin] VALUES('S0000006','zBehsTmi','Student');
INSERT INTO [ISInternship.UserLogin] VALUES('S0000007','kmeBUlQH','Student');
INSERT INTO [ISInternship.UserLogin] VALUES('S0000008','EnQfLHRS','Student');
INSERT INTO [ISInternship.UserLogin] VALUES('S0000009','mIsPLLlv','Student');
INSERT INTO [ISInternship.UserLogin] VALUES('S0000010','SwIDQEsD','Student');
INSERT INTO [ISInternship.UserLogin] VALUES('S0000011','WltDXsRB','Student');
INSERT INTO [ISInternship.UserLogin] VALUES('S0000012','jBymWMPs','Student');
INSERT INTO [ISInternship.UserLogin] VALUES('S0000013','jLukbWXZ','Student');
INSERT INTO [ISInternship.UserLogin] VALUES('S0000014','BijXcNqz','Student');
INSERT INTO [ISInternship.UserLogin] VALUES('S0000015','vNJaNOvu','Student');
INSERT INTO [ISInternship.UserLogin] VALUES('S0000016','qrfJMyZG','Student');
INSERT INTO [ISInternship.UserLogin] VALUES('S0000017','hQTFKIbA','Student');
INSERT INTO [ISInternship.UserLogin] VALUES('S0000018','NTBoJtYW','Student');
INSERT INTO [ISInternship.UserLogin] VALUES('S0000019','KyrICpeV','Student');
INSERT INTO [ISInternship.UserLogin] VALUES('S0000020','QAtkqNND','Student');
INSERT INTO [ISInternship.UserLogin] VALUES('S0000021','JcqMulpn','Student');
INSERT INTO [ISInternship.UserLogin] VALUES('S0000022','lJMtMGkw','Student');
INSERT INTO [ISInternship.UserLogin] VALUES('S0000023','SJyNGQDr','Student');
INSERT INTO [ISInternship.UserLogin] VALUES('S0000024','lyoKOrJz','Student');
INSERT INTO [ISInternship.UserLogin] VALUES('S0000025','GyfgDLbZ','Student');
INSERT INTO [ISInternship.UserLogin] VALUES('S0000026','JDXtckIK','Student');
INSERT INTO [ISInternship.UserLogin] VALUES('S0000027','PwRgPAws','Student');
INSERT INTO [ISInternship.UserLogin] VALUES('S0000028','ZybwweZt','Student');
INSERT INTO [ISInternship.UserLogin] VALUES('S0000029','zMnNaDtG','Student');
INSERT INTO [ISInternship.UserLogin] VALUES('S0000030','hZDCtJPA','Student');
INSERT INTO [ISInternship.UserLogin] VALUES('S0000031','pevRZdkG','Student');
INSERT INTO [ISInternship.UserLogin] VALUES('S0000032','CnHEkfcf','Student');
INSERT INTO [ISInternship.UserLogin] VALUES('S0000033','eduQxujM','Student');
INSERT INTO [ISInternship.UserLogin] VALUES('S0000034','DLypwtzQ','Student');
INSERT INTO [ISInternship.UserLogin] VALUES('S0000035','jaGSjHTW','Student');
INSERT INTO [ISInternship.UserLogin] VALUES('S0000036','bgLmwpWB','Student');
INSERT INTO [ISInternship.UserLogin] VALUES('S0000037','xXYPOyCu','Student');
INSERT INTO [ISInternship.UserLogin] VALUES('S0000038','uiOOeuJI','Student');
INSERT INTO [ISInternship.UserLogin] VALUES('S0000039','oqUJZJwX','Student');
INSERT INTO [ISInternship.UserLogin] VALUES('S0000040','JYoQjwPN','Student');
INSERT INTO [ISInternship.UserLogin] VALUES('S0000041','owsYVkBl','Student');
INSERT INTO [ISInternship.UserLogin] VALUES('S0000042','YLXAtFsg','Student');
INSERT INTO [ISInternship.UserLogin] VALUES('S0000043','WCyFVNcn','Student');
INSERT INTO [ISInternship.UserLogin] VALUES('S0000044','bAFqJlLy','Student');
INSERT INTO [ISInternship.UserLogin] VALUES('S0000045','TBahBlnE','Student');
INSERT INTO [ISInternship.UserLogin] VALUES('S0000046','pjkNmveE','Student');
INSERT INTO [ISInternship.UserLogin] VALUES('S0000047','fHtgxJsa','Student');
INSERT INTO [ISInternship.UserLogin] VALUES('S0000048','UFwUeKbm','Student');
INSERT INTO [ISInternship.UserLogin] VALUES('S0000049','AZhseKel','Student');
INSERT INTO [ISInternship.UserLogin] VALUES('S0000050','PuQlcPAf','Student');
INSERT INTO [ISInternship.UserLogin] VALUES('OCS000001','bAFqJlLy','Career Service');
INSERT INTO [ISInternship.UserLogin] VALUES('HM000001','JYoQjwPN','Hiring Manager');
INSERT INTO [ISInternship.UserLogin] VALUES('HM000002','oqUJZJwX','Hiring Manager');
INSERT INTO [ISInternship.UserLogin] VALUES('HM000003','JYoQjwPN','Hiring Manager');
INSERT INTO [ISInternship.UserLogin] VALUES('HM000004','owsYVkBl','Hiring Manager');
INSERT INTO [ISInternship.UserLogin] VALUES('HM000005','YLXAtFsg','Hiring Manager');
INSERT INTO [ISInternship.UserLogin] VALUES('HM000006','WCyFVNcn','Hiring Manager');
INSERT INTO [ISInternship.UserLogin] VALUES('HM000007','bAFqJlLy','Hiring Manager');
INSERT INTO [ISInternship.UserLogin] VALUES('HM000008','TBahBlnE','Hiring Manager');
INSERT INTO [ISInternship.UserLogin] VALUES('HM000009','pjkNmveE','Hiring Manager');
INSERT INTO [ISInternship.UserLogin] VALUES('HM000010','fHtgxJsa','Hiring Manager');
INSERT INTO [ISInternship.UserLogin] VALUES('HM000011','UFwUeKbm','Hiring Manager');
INSERT INTO [ISInternship.UserLogin] VALUES('HM000012','AZhseKel','Hiring Manager');
INSERT INTO [ISInternship.UserLogin] VALUES('HM000013','PuQlcPAf','Hiring Manager');
INSERT INTO [ISInternship.UserLogin] VALUES('HM000014','jLukbWXZ','Hiring Manager');
INSERT INTO [ISInternship.UserLogin] VALUES('HM000015','BijXcNqz','Hiring Manager');
INSERT INTO [ISInternship.UserLogin] VALUES('HM000016','vNJaNOvu','Hiring Manager');
INSERT INTO [ISInternship.UserLogin] VALUES('HM000017','qrfJMyZG','Hiring Manager');
INSERT INTO [ISInternship.UserLogin] VALUES('HM000018','hQTFKIbA','Hiring Manager');
INSERT INTO [ISInternship.UserLogin] VALUES('HM000019','NTBoJtYW','Hiring Manager');
INSERT INTO [ISInternship.UserLogin] VALUES('HM000020','KyrICpeV','Hiring Manager');




INSERT INTO [ISInternship.Student] VALUES('John','Aderotoye','Information Systems','12/17/19','C:\Resume\2019\18001\20191117','John.Aderotoye@rhsmith.umd.edu','S0000001');
INSERT INTO [ISInternship.Student] VALUES('Lehar','Agarwal','Information Systems','12/17/19','C:\Resume\2019\18002\20191118','Lehar.Agarwal@rhsmith.umd.edu','S0000002');
INSERT INTO [ISInternship.Student] VALUES('Darsh','Ajmera','Information Systems','12/17/19','C:\Resume\2019\18003\20191119','Darsh.Ajmera@rhsmith.umd.edu','S0000003');
INSERT INTO [ISInternship.Student] VALUES('Nayan','Anand','Information Systems','12/17/19','C:\Resume\2019\18004\20191120','Nayan.Anand@rhsmith.umd.edu','S0000004');
INSERT INTO [ISInternship.Student] VALUES('Kevin-Barthelemy','Anani','Information Systems','12/17/19','C:\Resume\2019\18005\20191121','Kevin-Barthelemy.Anani@rhsmith.umd.edu','S0000005');
INSERT INTO [ISInternship.Student] VALUES('Dhivya','Arinathan','Information Systems','12/17/19','C:\Resume\2019\18006\20191122','Dhivya.Arinathan@rhsmith.umd.edu','S0000006');
INSERT INTO [ISInternship.Student] VALUES('Manind','Arora','Information Systems','12/17/19','C:\Resume\2019\18007\20191123','Manind.Arora@rhsmith.umd.edu','S0000007');
INSERT INTO [ISInternship.Student] VALUES('Priya','Ashok','Information Systems','12/17/19','C:\Resume\2019\18008\20191124','Priya.Ashok@rhsmith.umd.edu','S0000008');
INSERT INTO [ISInternship.Student] VALUES('Ninad','Bagwe','Information Systems','12/17/19','C:\Resume\2019\18009\20191125','Ninad.Bagwe@rhsmith.umd.edu','S0000009');
INSERT INTO [ISInternship.Student] VALUES('Mourya','Bandaluppi','Information Systems','12/17/19','C:\Resume\2019\180010\20191126','Mourya.Bandaluppi@rhsmith.umd.edu','S0000010');
INSERT INTO [ISInternship.Student] VALUES('Lorenzo','Bartolini','Information Systems','12/17/19','C:\Resume\2019\180011\20191127','Lorenzo.Bartolini@rhsmith.umd.edu','S0000011');
INSERT INTO [ISInternship.Student] VALUES('Ishani','Bhansali','Information Systems','12/17/19','C:\Resume\2019\180012\20191128','Ishani.Bhansali@rhsmith.umd.edu','S0000012');
INSERT INTO [ISInternship.Student] VALUES('Ditika','Bhanushali','Information Systems','12/17/19','C:\Resume\2019\180013\20191129','Ditika.Bhanushali@rhsmith.umd.edu','S0000013');
INSERT INTO [ISInternship.Student] VALUES('Latifat','Braimah','Information Systems','12/17/19','C:\Resume\2019\180014\20191130','Latifat.Braimah@rhsmith.umd.edu','S0000014');
INSERT INTO [ISInternship.Student] VALUES('Zachary','Broderick','Information Systems','12/17/19','C:\Resume\2019\180015\20191131','Zachary.Broderick@rhsmith.umd.edu','S0000015');
INSERT INTO [ISInternship.Student] VALUES('Yue','Chen','Information Systems','12/17/19','C:\Resume\2019\180016\20191132','Yue.Chen@rhsmith.umd.edu','S0000016');
INSERT INTO [ISInternship.Student] VALUES('Zongpu','Chen','Information Systems','12/17/19','C:\Resume\2019\180017\20191133','Zongpu.Chen@rhsmith.umd.edu','S0000017');
INSERT INTO [ISInternship.Student] VALUES('Divya','Chhabra','Information Systems','12/17/19','C:\Resume\2019\180018\20191134','Divya.Chhabra@rhsmith.umd.edu','S0000018');
INSERT INTO [ISInternship.Student] VALUES('Urvash','Chheda','Information Systems','12/17/19','C:\Resume\2019\180019\20191135','Urvash.Chheda@rhsmith.umd.edu','S0000019');
INSERT INTO [ISInternship.Student] VALUES('Meghna','Das','Information Systems','12/17/19','C:\Resume\2019\180020\20191136','Meghna.Das@rhsmith.umd.edu','S0000020');
INSERT INTO [ISInternship.Student] VALUES('Miguel','De','Information Systems','12/17/19','C:\Resume\2019\180021\20191137','Miguel.De@rhsmith.umd.edu','S0000021');
INSERT INTO [ISInternship.Student] VALUES('Viraj','Deshpande','Information Systems','12/17/19','C:\Resume\2019\180022\20191138','Viraj.Deshpande@rhsmith.umd.edu','S0000022');
INSERT INTO [ISInternship.Student] VALUES('Dhwanil','Dharia','Information Systems','12/17/19','C:\Resume\2019\180023\20191139','Dhwanil.Dharia@rhsmith.umd.edu','S0000023');
INSERT INTO [ISInternship.Student] VALUES('Ameya','Diwan','Information Systems','12/17/19','C:\Resume\2019\180024\20191140','Ameya.Diwan@rhsmith.umd.edu','S0000024');
INSERT INTO [ISInternship.Student] VALUES('Rutvik','Dixit','Information Systems','12/17/19','C:\Resume\2019\180025\20191141','Rutvik.Dixit@rhsmith.umd.edu','S0000025');
INSERT INTO [ISInternship.Student] VALUES('Harsh','Doshi','Information Systems','12/17/19','C:\Resume\2019\180026\20191142','Harsh.Doshi@rhsmith.umd.edu','S0000026');
INSERT INTO [ISInternship.Student] VALUES('Mark','Downey','Information Systems','12/17/19','C:\Resume\2019\180027\20191143','Mark.Downey@rhsmith.umd.edu','S0000027');
INSERT INTO [ISInternship.Student] VALUES('Vaibhav','Dubey','Information Systems','12/17/19','C:\Resume\2019\180028\20191144','Vaibhav.Dubey@rhsmith.umd.edu','S0000028');
INSERT INTO [ISInternship.Student] VALUES('James','Forest','Information Systems','12/17/19','C:\Resume\2019\180029\20191145','James.Forest@rhsmith.umd.edu','S0000029');
INSERT INTO [ISInternship.Student] VALUES('Pooja','Gada','Information Systems','12/17/19','C:\Resume\2019\180030\20191146','Pooja.Gada@rhsmith.umd.edu','S0000030');
INSERT INTO [ISInternship.Student] VALUES('Mohit','Ghodake','Information Systems','12/17/19','C:\Resume\2019\180031\20191147','Mohit.Ghodake@rhsmith.umd.edu','S0000031');
INSERT INTO [ISInternship.Student] VALUES('Kramik','Gosalia','Information Systems','12/17/19','C:\Resume\2019\180032\20191148','Kramik.Gosalia@rhsmith.umd.edu','S0000032');
INSERT INTO [ISInternship.Student] VALUES('Yang','Gu','Information Systems','12/17/19','C:\Resume\2019\180033\20191149','Yang.Gu@rhsmith.umd.edu','S0000033');
INSERT INTO [ISInternship.Student] VALUES('Minqiang','Guo','Information Systems','12/17/19','C:\Resume\2019\180034\20191150','Minqiang.Guo@rhsmith.umd.edu','S0000034');
INSERT INTO [ISInternship.Student] VALUES('Mohil','Gupta','Information Systems','12/17/19','C:\Resume\2019\180035\20191151','Mohil.Gupta@rhsmith.umd.edu','S0000035');
INSERT INTO [ISInternship.Student] VALUES('Shruti','Gupta','Information Systems','12/17/19','C:\Resume\2019\180036\20191152','Shruti.Gupta@rhsmith.umd.edu','S0000036');
INSERT INTO [ISInternship.Student] VALUES('Kriti','Heda','Information Systems','12/17/19','C:\Resume\2019\180037\20191153','Kriti.Heda@rhsmith.umd.edu','S0000037');
INSERT INTO [ISInternship.Student] VALUES('Ping','Kei','Information Systems','12/17/19','C:\Resume\2019\180038\20191154','Ping.Kei@rhsmith.umd.edu','S0000038');
INSERT INTO [ISInternship.Student] VALUES('Yanfang','Huo','Information Systems','12/17/19','C:\Resume\2019\180039\20191155','Yanfang.Huo@rhsmith.umd.edu','S0000039');
INSERT INTO [ISInternship.Student] VALUES('Aliasghar','Hussain','Information Systems','12/17/19','C:\Resume\2019\180040\20191156','Aliasghar.Hussain@rhsmith.umd.edu','S0000040');
INSERT INTO [ISInternship.Student] VALUES('Michael','Ibironke','Information Systems','12/17/19','C:\Resume\2019\180041\20191157','Michael.Ibironke@rhsmith.umd.edu','S0000041');
INSERT INTO [ISInternship.Student] VALUES('Anju','Jacob','Information Systems','12/17/19','C:\Resume\2019\180042\20191158','Anju.Jacob@rhsmith.umd.edu','S0000042');
INSERT INTO [ISInternship.Student] VALUES('Vinamra','Jain','Information Systems','12/17/19','C:\Resume\2019\180043\20191159','Vinamra.Jain@rhsmith.umd.edu','S0000043');
INSERT INTO [ISInternship.Student] VALUES('Akshita','Jaitly','Information Systems','12/17/19','C:\Resume\2019\180044\20191160','Akshita.Jaitly@rhsmith.umd.edu','S0000044');
INSERT INTO [ISInternship.Student] VALUES('Sneha','Joshi','Information Systems','12/17/19','C:\Resume\2019\180045\20191161','Sneha.Joshi@rhsmith.umd.edu','S0000045');
INSERT INTO [ISInternship.Student] VALUES('Aagna','Katrodia','Information Systems','12/17/19','C:\Resume\2019\180046\20191162','Aagna.Katrodia@rhsmith.umd.edu','S0000046');
INSERT INTO [ISInternship.Student] VALUES('Aashay','Kedar','Information Systems','12/17/19','C:\Resume\2019\180047\20191163','Aashay.Kedar@rhsmith.umd.edu','S0000047');
INSERT INTO [ISInternship.Student] VALUES('Tauzeeh','Khan','Information Systems','12/17/19','C:\Resume\2019\180048\20191164','Tauzeeh.Khan@rhsmith.umd.edu','S0000048');
INSERT INTO [ISInternship.Student] VALUES('Sharanya','Kolar','Information Systems','12/17/19','C:\Resume\2019\180049\20191165','Sharanya.Kolar@rhsmith.umd.edu','S0000049');
INSERT INTO [ISInternship.Student] VALUES('Megha','Komarraju','Information Systems','12/18/19','C:\Resume\2019\180050\20191166','Megha.Komarraju@rhsmith.umd.edu','S0000050');



INSERT INTO [ISInternship.CareerService] VALUES('Smith School','1 202-978-4565','ocs@rhsmith.umd.edu','OCS000001');

INSERT INTO [ISInternship.Company] VALUES('501','General Electric','Maryland');
INSERT INTO [ISInternship.Company] VALUES('502','Altria Group Inc','North Carolina');
INSERT INTO [ISInternship.Company] VALUES('503','Akamai Technologies','California');
INSERT INTO [ISInternship.Company] VALUES('504','Amazon','North Carolina');
INSERT INTO [ISInternship.Company] VALUES('505','Time Warner','Virginia');
INSERT INTO [ISInternship.Company] VALUES('506','AutoDesk','California');
INSERT INTO [ISInternship.Company] VALUES('507','Eniware','Virginia');
INSERT INTO [ISInternship.Company] VALUES('508','CNN','Maryland');
INSERT INTO [ISInternship.Company] VALUES('509','Merkle','New York');
INSERT INTO [ISInternship.Company] VALUES('510','Cisco','Houston');

INSERT INTO [ISInternship.HiringManager] VALUES('Urvash','Chheda','Human Resources','Manager','Urvash.Chheda@General Electric.com','1 987-654-3210','Maryland','HM000001','501');
INSERT INTO [ISInternship.HiringManager] VALUES('Mia','Brown','Human Resources','Manager','Mia.Brown@Altria Group Inc.com','2 987-654-3210','Maryland','HM000002','502');
INSERT INTO [ISInternship.HiringManager] VALUES('William','LaRotonda','Human Resources','Manager','William.LaRotonda@Akamai Technologies.com','3 987-654-3210','New York','HM000003','503');
INSERT INTO [ISInternship.HiringManager] VALUES('Tyrone  ','Steans ','Human Resources','Manager','Tyrone  .Steans @Amazon.com','4 987-654-3210','New York','HM000004','504');
INSERT INTO [ISInternship.HiringManager] VALUES(' Estelle','Howard','Human Resources','Manager',' Estelle.Howard@Time Warner.com','5 987-654-3210','California','HM000005','505');
INSERT INTO [ISInternship.HiringManager] VALUES(' Nan ','Singh','Human Resources','Manager',' Nan .Singh@AutoDesk.com','6 987-654-3210','Washington','HM000006','506');
INSERT INTO [ISInternship.HiringManager] VALUES('Leigh Ann','Smith','Human Resources','Manager','Leigh Ann.Smith@Eniware.com','7 987-654-3210','Washington','HM000007','507');
INSERT INTO [ISInternship.HiringManager] VALUES('Brandon  R','LeBlanc','Human Resources','Manager','Brandon  R.LeBlanc@CNN.com','8 987-654-3210','Maryland','HM000008','508');
INSERT INTO [ISInternship.HiringManager] VALUES('Sean','Quinn','Human Resources','Manager','Sean.Quinn@Merkle.com','9 987-654-3210','Virginia','HM000009','509');
INSERT INTO [ISInternship.HiringManager] VALUES('Bonalyn','Boutwell','Human Resources','Manager','Bonalyn.Boutwell@Cisco.com','10 987-654-3210','Virginia','HM000010','510');
INSERT INTO [ISInternship.HiringManager] VALUES('Amy','Foster-Baker','Human Resources','Manager','Amy.Foster-Baker@General Electric.com','11 987-654-3210','Houston','HM000011','501');
INSERT INTO [ISInternship.HiringManager] VALUES('Janet','King','Human Resources','Manager','Janet.King@Altria Group Inc.com','12 987-654-3210','Maryland','HM000012','502');
INSERT INTO [ISInternship.HiringManager] VALUES('Jennifer','Zamora','Human Resources','Manager','Jennifer.Zamora@Akamai Technologies.com','13 987-654-3210','Masachussets','HM000013','503');
INSERT INTO [ISInternship.HiringManager] VALUES(' Renee','Becker','Human Resources','Manager',' Renee.Becker@Amazon.com','14 987-654-3210','North Carolina','HM000014','504');
INSERT INTO [ISInternship.HiringManager] VALUES('Taisha','Goble','Human Resources','Manager','Taisha.Goble@Time Warner.com','15 987-654-3210','California','HM000015','505');
INSERT INTO [ISInternship.HiringManager] VALUES('Daniff','Hernandez','Human Resources','Manager','Daniff.Hernandez@AutoDesk.com','16 987-654-3210','Maryland','HM000016','506');
INSERT INTO [ISInternship.HiringManager] VALUES('Jayne','Horton','Human Resources','Manager','Jayne.Horton@Eniware.com','17 987-654-3210','New York','HM000017','507');
INSERT INTO [ISInternship.HiringManager] VALUES('Noelle ','Johnson','Human Resources','Manager','Noelle .Johnson@CNN.com','18 987-654-3210','Washington','HM000018','508');
INSERT INTO [ISInternship.HiringManager] VALUES('Thomas','Murray','Human Resources','Manager','Thomas.Murray@Merkle.com','19 987-654-3210','Virginia','HM000019','509');
INSERT INTO [ISInternship.HiringManager] VALUES('Randall','Pearson','Human Resources','Manager','Randall.Pearson@Cisco.com','20 987-654-3210','Washington','HM000020','510');




INSERT INTO [ISInternship.Events] VALUES('E000001','IS Alumni Networking','An opportunity to interact with Smith Almuni','12/01/2018','1214 - VMH','MSIS','OCS000001');
INSERT INTO [ISInternship.Events] VALUES('E000002','Career fair expo -19','Career Fair','01/01/2019','Xfinity','Specialty Masters','OCS000001');
INSERT INTO [ISInternship.Events] VALUES('E000003','Career fair MSIS -18','Career Fair','02/03/2019','TBD','MSIS','OCS000001');
INSERT INTO [ISInternship.Events] VALUES('E000004','Employer of the day-EY','Networking','12/12/2018','1214 - VMH','Specialty Masters','OCS000001');
INSERT INTO [ISInternship.Events] VALUES('E000005','Employer of the day-Amazon','Networking','03/03/2019','1214 - VMH','MSIS','OCS000001');
INSERT INTO  [ISInternship.JobPosting] VALUES('JP000001','Software Engineer','Maryland','Engineering - L1','0-1 year','NA','MS Graduate','Oversee Software development activities','80000','10/12/18','12/12/18','HM000001','501');
INSERT INTO  [ISInternship.JobPosting] VALUES('JP000002','Software Developer','Maryland','Developer','2-3 years','F1 - Eligible','MS Graduate','Oversee Software development activities','100000','10/13/18','12/13/18','HM000001','501');
INSERT INTO  [ISInternship.JobPosting] VALUES('JP000003','Business Analyst','Maryland','Analyst','2-3 years','F1 - Eligible','MS Graduate','Analyse business requirements','1000000','10/14/18','12/14/18','HM000001','501');
INSERT INTO  [ISInternship.JobPosting] VALUES('JP000004','Data Analyst','Maryland','Analyst','2-3 years','H1-B','MS Graduate','Analyse data and provide meaningful business insights','1000000','10/15/18','12/15/18','HM000001','501');
INSERT INTO  [ISInternship.JobPosting] VALUES('JP000005','DBA','Maryland','DBA','2-3 years','NA','MS Graduate','Oversee Software development activities','1000000','10/16/18','12/16/18','HM000001','501');
INSERT INTO  [ISInternship.JobPosting] VALUES('JP000006','Software Engineer','California','Engineering - L1','0-1 year','NA','MS Graduate','Oversee Software development activities','90000','09/15/18','12/12/18','HM000002','502');
INSERT INTO  [ISInternship.JobPosting] VALUES('JP000007','Software Developer','California','Developer','2-3 years','F1 - Eligible','MS Graduate','Oversee Software development activities','90000','10/15/18','12/13/18','HM000002','502');
INSERT INTO  [ISInternship.JobPosting] VALUES('JP000008','Business Analyst','California','Analyst','2-3 years','F1 - Eligible','MS Graduate','Analyse business requirements','85000','10/13/18','12/14/18','HM000002','502');
INSERT INTO  [ISInternship.JobPosting] VALUES('JP000009','Data Analyst','California','Analyst','2-3 years','H1-B','MS Graduate','Analyse data and provide meaningful business insights','95000','10/14/18','12/15/18','HM000002','502');
INSERT INTO  [ISInternship.JobPosting] VALUES('JP000010','DBA','California','DBA','2-3 years','NA','MS Graduate','Oversee Software development activities','950000','10/15/18','12/16/18','HM000002','502');
INSERT INTO  [ISInternship.JobPosting] VALUES('JP000011','Software Engineer','Washington','Engineering - L1','0-1 year','NA','MS Graduate','Oversee Software development activities','1000000','10/14/18','12/12/18','HM000003','503');
INSERT INTO  [ISInternship.JobPosting] VALUES('JP000012','Software Developer','Washington','Developer','2-3 years','F1 - Eligible','MS Graduate','Oversee Software development activities','1000000','10/15/18','12/13/18','HM000003','503');
INSERT INTO  [ISInternship.JobPosting] VALUES('JP000013','Business Analyst','Washington','Analyst','2-3 years','F1 - Eligible','MS Graduate','Analyse business requirements','90000','10/16/18','12/14/18','HM000003','503');
INSERT INTO  [ISInternship.JobPosting] VALUES('JP000014','Data Analyst','Washington','Analyst','2-3 years','H1-B','MS Graduate','Analyse data and provide meaningful business insights','90000','09/15/18','12/15/18','HM000003','503');
INSERT INTO  [ISInternship.JobPosting] VALUES('JP000015','DBA','Washington','DBA','2-3 years','NA','MS Graduate','Oversee Software development activities','85000','10/15/18','12/16/18','HM000003','503');
INSERT INTO  [ISInternship.JobPosting] VALUES('JP000016','Software Engineer','New York','Engineering - L1','0-1 year','NA','MS Graduate','Oversee Software development activities','80000','10/15/18','12/15/18','HM000004','504');
INSERT INTO  [ISInternship.JobPosting] VALUES('JP000017','Software Developer','New York','Developer','2-3 years','F1 - Eligible','MS Graduate','Oversee Software development activities','100000','10/13/18','12/16/18','HM000004','504');
INSERT INTO  [ISInternship.JobPosting] VALUES('JP000018','Business Analyst','New York','Analyst','2-3 years','F1 - Eligible','MS Graduate','Analyse business requirements','1000000','10/14/18','12/12/18','HM000004','504');
INSERT INTO  [ISInternship.JobPosting] VALUES('JP000019','Data Analyst','New York','Analyst','2-3 years','H1-B','MS Graduate','Analyse data and provide meaningful business insights','1000000','10/15/18','12/13/18','HM000004','504');
INSERT INTO  [ISInternship.JobPosting] VALUES('JP000020','DBA','New York','DBA','2-3 years','NA','MS Graduate','Oversee Software development activities','1000000','10/14/18','12/14/18','HM000004','504');
INSERT INTO  [ISInternship.JobPosting] VALUES('JP000021','Software Engineer','Virginia','Engineering - L1','0-1 year','NA','MS Graduate','Oversee Software development activities','90000','10/15/18','12/15/18','HM000005','505');
INSERT INTO  [ISInternship.JobPosting] VALUES('JP000022','Software Developer','Virginia','Developer','2-3 years','F1 - Eligible','MS Graduate','Oversee Software development activities','90000','10/16/18','12/16/18','HM000005','505');
INSERT INTO  [ISInternship.JobPosting] VALUES('JP000023','Business Analyst','Virginia','Analyst','2-3 years','F1 - Eligible','MS Graduate','Analyse business requirements','85000','09/15/18','12/12/18','HM000005','505');
INSERT INTO  [ISInternship.JobPosting] VALUES('JP000024','Data Analyst','Virginia','Analyst','2-3 years','H1-B','MS Graduate','Analyse data and provide meaningful business insights','90000','10/15/18','12/16/18','HM000005','505');
INSERT INTO  [ISInternship.JobPosting] VALUES('JP000025','DBA','Virginia','DBA','2-3 years','NA','MS Graduate','Oversee Software development activities','85000','10/16/18','12/12/18','HM000005','505');
INSERT INTO  [ISInternship.JobPosting] VALUES('JP000026','Software Engineer','Masachussetes','Engineering - L1','0-1 year','NA','MS Graduate','Oversee Software development activities','95000','10/13/18','12/15/18','HM000006','506');
INSERT INTO  [ISInternship.JobPosting] VALUES('JP000027','Software Developer','Masachussetes','Developer','2-3 years','F1 - Eligible','MS Graduate','Oversee Software development activities','105000','10/14/18','12/16/18','HM000006','506');
INSERT INTO  [ISInternship.JobPosting] VALUES('JP000028','Business Analyst','Masachussetes','Analyst','2-3 years','F1 - Eligible','MS Graduate','Analyse business requirements','85000','10/15/18','12/12/18','HM000006','506');
INSERT INTO  [ISInternship.JobPosting] VALUES('JP000029','Data Analyst','Masachussetes','Analyst','2-3 years','H1-B','MS Graduate','Analyse data and provide meaningful business insights','100000','10/14/18','12/16/18','HM000006','506');
INSERT INTO  [ISInternship.JobPosting] VALUES('JP000030','DBA','Masachussetes','DBA','2-3 years','NA','MS Graduate','Oversee Software development activities','95000','10/15/18','12/12/18','HM000006','506');
INSERT INTO  [ISInternship.JobPosting] VALUES('JP000031','Software Engineer','Houston','Engineering - L1','0-1 year','NA','MS Graduate','Oversee Software development activities','85000','10/13/18','12/13/18','HM000007','507');
INSERT INTO  [ISInternship.JobPosting] VALUES('JP000032','Software Developer','Houston','Developer','2-3 years','F1 - Eligible','MS Graduate','Oversee Software development activities','90000','10/14/18','12/14/18','HM000007','507');
INSERT INTO  [ISInternship.JobPosting] VALUES('JP000033','Business Analyst','Houston','Analyst','2-3 years','F1 - Eligible','MS Graduate','Analyse business requirements','85000','10/15/18','12/15/18','HM000007','507');
INSERT INTO  [ISInternship.JobPosting] VALUES('JP000034','Data Analyst','Houston','Analyst','2-3 years','H1-B','MS Graduate','Analyse data and provide meaningful business insights','95000','10/14/18','12/16/18','HM000007','507');
INSERT INTO  [ISInternship.JobPosting] VALUES('JP000035','DBA','Houston','DBA','2-3 years','NA','MS Graduate','Oversee Software development activities','105000','10/15/18','12/12/18','HM000007','507');
INSERT INTO  [ISInternship.JobPosting] VALUES('JP000036','Software Engineer','New York','Engineering - L1','0-1 year','NA','MS Graduate','Oversee Software development activities','85000','10/14/18','12/12/18','HM000008','508');
INSERT INTO  [ISInternship.JobPosting] VALUES('JP000037','Software Developer','New York','Developer','2-3 years','F1 - Eligible','MS Graduate','Oversee Software development activities','100000','10/15/18','12/13/18','HM000008','508');
INSERT INTO  [ISInternship.JobPosting] VALUES('JP000038','Business Analyst','New York','Analyst','2-3 years','F1 - Eligible','MS Graduate','Analyse business requirements','95000','10/13/18','12/14/18','HM000008','508');
INSERT INTO  [ISInternship.JobPosting] VALUES('JP000039','Data Analyst','New York','Analyst','2-3 years','H1-B','MS Graduate','Analyse data and provide meaningful business insights','85000','10/14/18','12/15/18','HM000008','508');
INSERT INTO  [ISInternship.JobPosting] VALUES('JP000040','DBA','New York','DBA','2-3 years','NA','MS Graduate','Oversee Software development activities','90000','10/15/18','12/16/18','HM000008','508');
INSERT INTO  [ISInternship.JobPosting] VALUES('JP000041','Software Engineer','North Carolina','Engineering - L1','0-1 year','NA','MS Graduate','Oversee Software development activities','95000','10/14/18','12/13/18','HM000009','509');
INSERT INTO  [ISInternship.JobPosting] VALUES('JP000042','Software Developer','North Carolina','Developer','2-3 years','F1 - Eligible','MS Graduate','Oversee Software development activities','85000','10/15/18','12/14/18','HM000009','509');
INSERT INTO  [ISInternship.JobPosting] VALUES('JP000043','Business Analyst','North Carolina','Analyst','2-3 years','F1 - Eligible','MS Graduate','Analyse business requirements','90000','10/14/18','12/15/18','HM000009','509');
INSERT INTO  [ISInternship.JobPosting] VALUES('JP000044','Data Analyst','North Carolina','Analyst','2-3 years','H1-B','MS Graduate','Analyse data and provide meaningful business insights','85000','10/15/18','12/16/18','HM000009','509');
INSERT INTO  [ISInternship.JobPosting] VALUES('JP000045','DBA','North Carolina','DBA','2-3 years','NA','MS Graduate','Oversee Software development activities','95000','10/14/18','12/12/18','HM000009','509');
INSERT INTO  [ISInternship.JobPosting] VALUES('JP000046','Software Engineer','California','Engineering - L1','0-1 year','NA','MS Graduate','Oversee Software development activities','100000','10/14/18','12/16/18','HM000010','510');
INSERT INTO  [ISInternship.JobPosting] VALUES('JP000047','Software Developer','California','Developer','2-3 years','F1 - Eligible','MS Graduate','Oversee Software development activities','95000','10/15/18','12/13/18','HM000010','510');
INSERT INTO  [ISInternship.JobPosting] VALUES('JP000048','Business Analyst','California','Analyst','2-3 years','F1 - Eligible','MS Graduate','Analyse business requirements','85000','10/14/18','12/14/18','HM000010','510');
INSERT INTO  [ISInternship.JobPosting] VALUES('JP000049','Data Analyst','California','Analyst','2-3 years','H1-B','MS Graduate','Analyse data and provide meaningful business insights','90000','10/15/18','12/15/18','HM000010','510');
INSERT INTO  [ISInternship.JobPosting] VALUES('JP000050','DBA','California','DBA','2-3 years','NA','MS Graduate','Oversee Software development activities','95000','10/14/18','12/16/18','HM000010','510');

INSERT INTO [ISInternship.Application] VALUES('AP000001','S0000001','JP000001','11/15/2019');
INSERT INTO [ISInternship.Application] VALUES('AP000002','S0000001','JP000006','11/15/2019');

INSERT INTO [ISInternship.Registration] VALUES('R000001','S0000001','E000001');



